{
  "debugOnlyVersion" : 	99,
  "meta" : 	  {
    "ems" : 	true,
    "loc" : 	    [
      "WVINE",
      "ROCKF",
      "KOREAT",
      "DTVINE"
    ],
    "mrule" : 	    [
      0,
      0,
      11,
      0,
      0,
      11
    ],
    "stinv" : 	    [  ],
    "veh" : 	    [
      -1255452397,
      2006918058,
      -808831384,
      -624529134,
      -34623805
    ],
    "vehcl" : 	    [  ],
    "wp" : 	    [  ],
    "wpcl" : 	    [  ]
  }
,
  "mission" : 	  {
    "cover" : 	    {
      "arc" : 	      [  ],
      "dir" : 	      [  ],
      "high" : 	      [  ],
      "loc" : 	      [  ],
      "no" : 	0,
      "use" : 	      [  ]
    }
,
    "door" : 	    {
      "fopen" : 	      [  ],
      "loc" : 	      [  ],
      "lock" : 	      [  ],
      "model" : 	      [  ],
      "no" : 	0
    }
,
    "dprop" : 	    {
      "head" : 	      [  ],
      "loc" : 	      [  ],
      "model" : 	      [  ],
      "no" : 	0,
      "vRot" : 	      [  ]
    }
,
    "endcon" : 	    {
      "abits" : 	      [
        0,
        0
      ],
      "arear" : 	      [
        -1,
        -1
      ],
      "arrt" : 	      [
        0,
        0
      ],
      "boud" : 	      [
        0,
        0
      ],
      "cap0" : 	      [ 0 ],
      "cap1" : 	      [ 0 ],
      "delpos" : 	      [  ],
      "delr" : 	      [
        10,
        0
      ],
      "dpos0" : 	      [ {"x": 1132.585205, "y": -793.099426, "z": 56.605988} ],
      "dpos1" : 	      [ {"x": 864.039185, "y": -1056.771484, "z": 27.901794} ],
      "dpos20" : 	      [ {"x": 0.000000, "y": 0.000000, "z": 0.000000} ],
      "dpos21" : 	      [ {"x": 0.000000, "y": 0.000000, "z": 0.000000} ],
      "dpost0" : 	      [ 0 ],
      "dpost1" : 	      [ 0 ],
      "dr" : 	      [
        -1,
        -1
      ],
      "drpr0" : 	      [ 5.000000 ],
      "drpr1" : 	      [ 3.000000 ],
      "endr" : 	      [
        0,
        0
      ],
      "epos" : 	      [
        {"x": 0.000000, "y": 0.000000, "z": 0.000000},
        {"x": 0.000000, "y": 0.000000, "z": 0.000000}
      ],
      "fail" : 	      [
        1,
        1
      ],
      "gbat0" : 	      [ 0 ],
      "gbat1" : 	      [ 0 ],
      "gbaw0" : 	      [ 0.000000 ],
      "gbaw1" : 	      [ 0.000000 ],
      "gbcol0" : 	      [ 0 ],
      "gbcol1" : 	      [ 0 ],
      "gbdel0" : 	      [ 0 ],
      "gbdel1" : 	      [ 0 ],
      "gbmax0" : 	      [ 0 ],
      "gbmax1" : 	      [ 0 ],
      "gbmbs" : 	      [
        0,
        0
      ],
      "gbnum0" : 	      [ 0 ],
      "gbnum1" : 	      [ 0 ],
      "gbtp0" : 	      [ 0 ],
      "gbtp1" : 	      [ 0 ],
      "gbv10" : 	      [ {"x": 0.000000, "y": 0.000000, "z": 0.000000} ],
      "gbv11" : 	      [ {"x": 0.000000, "y": 0.000000, "z": 0.000000} ],
      "gbv20" : 	      [ {"x": 0.000000, "y": 0.000000, "z": 0.000000} ],
      "gbv21" : 	      [ {"x": 0.000000, "y": 0.000000, "z": 0.000000} ],
      "hscr0" : 	      [ 0 ],
      "hscr1" : 	      [ 0 ],
      "inpts" : 	      [
        0,
        0
      ],
      "inv" : 	      [
        0,
        0
      ],
      "irbs0" : 	      [ 0 ],
      "irbs1" : 	      [ 0 ],
      "lnkdr0" : 	      [ 0 ],
      "lnkdr1" : 	      [ 0 ],
      "lwbs" : 	      [
        1,
        1
      ],
      "lwmbs" : 	      [
        1,
        1
      ],
      "mcgbs" : 	      [
        0,
        0
      ],
      "mcmp0" : 	      [ 0 ],
      "mcmp1" : 	      [ 0 ],
      "mcpbs" : 	      [
        0,
        0
      ],
      "mcry0" : 	      [ 1 ],
      "mcry1" : 	      [ 1 ],
      "mcstr0" : 	      [ 1 ],
      "mcstr1" : 	      [ 1 ],
      "mcvbs" : 	      [
        0,
        0
      ],
      "mslr" : 	      [
        -1,
        -1
      ],
      "mtlr" : 	      [
        -1,
        -1
      ],
      "mts" : 	      [
        0,
        0
      ],
      "nrl" : 	      [
        1,
        1
      ],
      "numpt" : 	      [
        1,
        1
      ],
      "obdr" : 	      [
        -1,
        -1
      ],
      "obkr" : 	      [
        -1,
        -1
      ],
      "ocl" : 	      [
        0,
        0
      ],
      "opl00" : 	      [ -1 ],
      "opl01" : 	      [ -1 ],
      "opl10" : 	      [ -1 ],
      "opl11" : 	      [ -1 ],
      "opl20" : 	      [ -1 ],
      "opl21" : 	      [ -1 ],
      "opl30" : 	      [ -1 ],
      "opl31" : 	      [ -1 ],
      "oplbs0" : 	      [ 0 ],
      "oplbs1" : 	      [ 0 ],
      "outb0" : 	      [ {"x": 0.000000, "y": 0.000000, "z": 0.000000} ],
      "outb1" : 	      [ {"x": 0.000000, "y": 0.000000, "z": 0.000000} ],
      "outb1v0" : 	      [ {"x": 0.000000, "y": 0.000000, "z": 0.000000} ],
      "outb1v1" : 	      [ {"x": 0.000000, "y": 0.000000, "z": 0.000000} ],
      "outb2v0" : 	      [ {"x": 0.000000, "y": 0.000000, "z": 0.000000} ],
      "outb2v1" : 	      [ {"x": 0.000000, "y": 0.000000, "z": 0.000000} ],
      "outr0" : 	      [ 0.000000 ],
      "outr1" : 	      [ 0.000000 ],
      "outw0" : 	      [ 0.000000 ],
      "outw1" : 	      [ 0.000000 ],
      "pcbd" : 	      [
        0,
        0
      ],
      "pcl" : 	      [
        0,
        0
      ],
      "pedr" : 	      [
        -1,
        -1
      ],
      "pekr" : 	      [
        -1,
        -1
      ],
      "plkr" : 	      [
        -1,
        -1
      ],
      "plyl" : 	      [
        0,
        0
      ],
      "ppk" : 	      [
        0,
        0
      ],
      "rpgbs" : 	      [
        0,
        0
      ],
      "sdobs" : 	      [
        0,
        0
      ],
      "shd" : 	      [
        224.400009,
        74.799995
      ],
      "sms" : 	      [       {
        "delay" : 	0,
        "rule" : 	-1,
        "team" : 	-1,
        "time" : 	0,
        "txt0" : 	"",
        "txt1" : 	""
      }
 ],
      "spar" : 	      [
        0,
        0
      ],
      "spsy1" : 	      [
        "",
        ""
      ],
      "spsy2" : 	      [
        "",
        ""
      ],
      "spwia" : 	      [
        0,
        0
      ],
      "stpos" : 	      [
        {"x": 277.932434, "y": 6.640044, "z": 78.119881},
        {"x": -611.684998, "y": -1032.279297, "z": 20.787266}
      ],
      "swmbs" : 	      [
        0,
        0
      ],
      "tak0" : 	      [ 0 ],
      "tak1" : 	      [ 0 ],
      "tcp" : 	      [
        {"x": 318.071625, "y": -10.271304, "z": 95.846344},
        {"x": -602.643860, "y": -1060.442749, "z": 37.164089}
      ],
      "tcr" : 	      [
        {"x": -11.279881, "y": 0.000000, "z": 84.459366},
        {"x": -2.799945, "y": 0.000021, "z": 27.639622}
      ],
      "teamv" : 	      [
        -624529134,
        -1255452397
      ],
      "tehlh" : 	      [
        3,
        3
      ],
      "tenms" : 	      [
        15,
        17
      ],
      "time" : 	      [
        0,
        0
      ],
      "tms0" : 	      [ 1 ],
      "tms1" : 	      [ 1 ],
      "tmt0" : 	      [ 0 ],
      "tmt1" : 	      [ 0 ],
      "tsc0" : 	      [ 0 ],
      "tsc1" : 	      [ 0 ],
      "txt0" : 	      [ "Steal the ~g~evidence.~s~" ],
      "txt1" : 	      [ "Steal the ~g~evidence.~s~" ],
      "txt10" : 	      [ "Deliver the ~g~evidence~s~ to the ~y~garage.~s~" ],
      "txt11" : 	      [ "Deliver the ~g~evidence~s~ to the ~y~warehouse.~s~" ],
      "txt20" : 	      [ "Help deliver the ~g~evidence~s~ to the ~y~garage.~s~" ],
      "txt21" : 	      [ "Help deliver the ~g~evidence~s~ to the ~y~warehouse.~s~" ],
      "txt30" : 	      [ "Evidence" ],
      "txt31" : 	      [ "Evidence" ],
      "txt40" : 	      [ "the evidence" ],
      "txt41" : 	      [ "the evidence" ],
      "txt50" : 	      [ "" ],
      "txt51" : 	      [ "" ],
      "vareapos" : 	      [
        {"x": 0.000000, "y": 0.000000, "z": 0.000000},
        {"x": 0.000000, "y": 0.000000, "z": 0.000000}
      ],
      "vedr" : 	      [
        -1,
        -1
      ],
      "vehrsp" : 	      [
        1,
        1
      ],
      "vhkr" : 	      [
        -1,
        -1
      ],
      "wchg0" : 	      [ 4 ],
      "wchg1" : 	      [ 4 ],